pdb_id,chain,uniprot_acc,seq_len,cdr3_aa,cdr3_len,cdr3_uniprot_positions,cdr3_saltbridge_mask,method,status,label
8TRR,D,,198,ALGDTGNYKYV,11,93;94;95;96;97;98;99;100;101;102;103,.........*.,full,ok,TCR_ALPHA
3O6F,G,,188,TVYGGATNKLI,11,88;89;90;91;92;93;94;95;96;97;98,........*..,full,ok,TCR_ALPHA
8TRR,I,,186,ALGDTGNYKYV,11,93;94;95;96;97;98;99;100;101;102;103,........*..,full,ok,TCR_ALPHA
3PL6,C,,191,AASSFGNEKLT,11,90;91;92;93;94;95;96;97;98;99;100,.......*...,full,ok,TCR_ALPHA
4GRL,C,,191,AASSFGNEKLT,11,90;91;92;93;94;95;96;97;98;99;100,.......*...,full,ok,TCR_ALPHA
6PY2,D,,191,ASPQGGSEKLV,11,90;91;92;93;94;95;96;97;98;99;100,.......*...,full,ok,TCR_ALPHA
8VD2,D,,194,IVRVAIEGSQGNLI,14,87;88;89;90;91;92;93;94;95;96;97;98;99;100,.......*......,full,ok,TCR_ALPHA
7SG2,D,,188,LVGGLARDMR,10,87;88;89;90;91;92;93;94;95;96,......*...,full,ok,TCR_ALPHA
7SG2,I,,170,LVGGLARDMR,10,86;87;88;89;90;91;92;93;94;95,......*...,full,ok,TCR_ALPHA
7T2D,D,,201,ALSGSARQLT,10,93;94;95;96;97;98;99;100;101;102,......*...,full,ok,TCR_ALPHA
7T2D,I,,201,ALSGSARQLT,10,93;94;95;96;97;98;99;100;101;102,......*...,full,ok,TCR_ALPHA
7T2D,N,,199,ALSGSARQLT,10,93;94;95;96;97;98;99;100;101;102,......*...,full,ok,TCR_ALPHA
7T2D,S,,199,ALSGSARQLT,10,93;94;95;96;97;98;99;100;101;102,......*...,full,ok,TCR_ALPHA
8VCX,E,,238,ASSLERETQY,10,90;91;92;93;94;95;96;97;98;99,......*...,full,ok,TCR_ALPHA
1FYT,D,,198,AVSESPFGNEKLT,13,91;92;93;94;95;96;97;98;99;100;101;102;103,...*.....*...,full,ok,TCR_ALPHA
1J8H,D,,198,AVSESPFGNEKLT,13,91;92;93;94;95;96;97;98;99;100;101;102;103,...*.....*...,full,ok,TCR_ALPHA
8PJG,D,,203,AVSEQDDKII,10,92;93;94;95;96;97;98;99;100;101,...*..**..,full,ok,TCR_ALPHA